date,granularite,maille_code,maille_nom,cas_confirmes,deces,source_nom,source_url
2020-02-27,departement,DEP-74,Haute-Savoie,2,0,ARS Auvergne Rhône-Alpes,https://www.auvergne-rhone-alpes.ars.sante.fr/system/files/2020-02/200227_ARSARA_CP_2_cas_Covid-19_74_0.pdf
2020-03-02,departement,DEP-01,Ain,3,0,ARS Auvergne Rhône-Alpes,https://www.auvergne-rhone-alpes.ars.sante.fr/system/files/2020-03/200302_ARSARA_COVID-19_Point_Situation.pdf
2020-03-02,departement,DEP-02,Aisne,2,0,ARS Grand-Est,https://www.grand-est.ars.sante.fr/system/files/2020-03/CPCoronavirus_7_cas_valides_GrandEst_020320.pdf
2020-03-02,departement,DEP-08,Ardennes,0,0,ARS Grand-Est,https://www.grand-est.ars.sante.fr/system/files/2020-03/CPCoronavirus_7_cas_valides_GrandEst_020320.pdf
2020-03-02,departement,DEP-10,Aube,0,0,ARS Grand-Est,https://www.grand-est.ars.sante.fr/system/files/2020-03/CPCoronavirus_7_cas_valides_GrandEst_020320.pdf
2020-03-02,departement,DEP-27,Eure,2,0,ARS Normandie,https://www.normandie.ars.sante.fr/system/files/2020-03/CP-ars-normandie-02.03.pdf
2020-03-02,departement,DEP-51,Marne,0,0,ARS Grand-Est,https://www.grand-est.ars.sante.fr/system/files/2020-03/CPCoronavirus_7_cas_valides_GrandEst_020320.pdf
2020-03-02,departement,DEP-52,Haute-Marne,0,0,ARS Grand-Est,https://www.grand-est.ars.sante.fr/system/files/2020-03/CPCoronavirus_7_cas_valides_GrandEst_020320.pdf
2020-03-02,departement,DEP-54,Meurthe-et-Moselle,0,0,ARS Grand-Est,https://www.grand-est.ars.sante.fr/system/files/2020-03/CPCoronavirus_7_cas_valides_GrandEst_020320.pdf
2020-03-02,departement,DEP-55,Meuse,0,0,ARS Grand-Est,https://www.grand-est.ars.sante.fr/system/files/2020-03/CPCoronavirus_7_cas_valides_GrandEst_020320.pdf
2020-03-02,departement,DEP-57,Moselle,0,0,ARS Grand-Est,https://www.grand-est.ars.sante.fr/system/files/2020-03/CPCoronavirus_7_cas_valides_GrandEst_020320.pdf
2020-03-02,departement,DEP-67,Bas-Rhin,2,0,ARS Grand-Est,https://www.grand-est.ars.sante.fr/system/files/2020-03/CPCoronavirus_7_cas_valides_GrandEst_020320.pdf
2020-03-02,departement,DEP-68,Haut-Rhin,3,0,ARS Grand-Est,https://www.grand-est.ars.sante.fr/system/files/2020-03/CPCoronavirus_7_cas_valides_GrandEst_020320.pdf
2020-03-02,departement,DEP-69,Rhône,4,0,ARS Auvergne Rhône-Alpes,https://www.auvergne-rhone-alpes.ars.sante.fr/system/files/2020-03/200302_ARSARA_COVID-19_Point_Situation.pdf
2020-03-02,departement,DEP-74,Haute-Savoie,25,0,ARS Auvergne Rhône-Alpes,https://www.auvergne-rhone-alpes.ars.sante.fr/system/files/2020-03/200302_ARSARA_COVID-19_Point_Situation.pdf
2020-03-02,departement,DEP-88,Vosges,0,0,ARS Grand-Est,https://www.grand-est.ars.sante.fr/system/files/2020-03/CPCoronavirus_7_cas_valides_GrandEst_020320.pdf
2020-03-03,departement,DEP-01,Ain,3,0,ARS Auvergne Rhône-Alpes,https://www.auvergne-rhone-alpes.ars.sante.fr/system/files/2020-03/200303_ARSARA_COVID-19_Point_Situation.pdf
2020-03-03,departement,DEP-69,Rhône,4,0,ARS Auvergne Rhône-Alpes,https://www.auvergne-rhone-alpes.ars.sante.fr/system/files/2020-03/200303_ARSARA_COVID-19_Point_Situation.pdf
2020-03-03,departement,DEP-73,Savoie,0,0,ARS Auvergne Rhône-Alpes,https://www.auvergne-rhone-alpes.ars.sante.fr/system/files/2020-03/200303_ARSARA_COVID-19_Point_Situation.pdf
2020-03-03,departement,DEP-73,Drôme,0,0,ARS Auvergne Rhône-Alpes,https://www.auvergne-rhone-alpes.ars.sante.fr/system/files/2020-03/200303_ARSARA_COVID-19_Point_Situation.pdf
2020-03-03,departement,DEP-74,Haute-Savoie,29,0,ARS Auvergne Rhône-Alpes,https://www.auvergne-rhone-alpes.ars.sante.fr/system/files/2020-03/200303_ARSARA_COVID-19_Point_Situation.pdf
2020-03-04,departement,DEP-01,Ain,4,0,ARS Auvergne Rhône-Alpes,https://www.auvergne-rhone-alpes.ars.sante.fr/system/files/2020-03/200304_ARSARA_COVID-19_Point_Situation.pdf
2020-03-04,departement,DEP-02,Aisne,3,0,ARS Grand-Est,https://www.grand-est.ars.sante.fr/system/files/2020-03/Communique%20Coronavirus%20covid%2019%20-%20point%20de%20situation%20en%20Grand%20Est%2004%2003%202020.pdf
2020-03-04,departement,DEP-08,Ardennes,0,0,ARS Grand-Est,https://www.grand-est.ars.sante.fr/system/files/2020-03/Communique%20Coronavirus%20covid%2019%20-%20point%20de%20situation%20en%20Grand%20Est%2004%2003%202020.pdf
2020-03-04,departement,DEP-10,Aube,0,0,ARS Grand-Est,https://www.grand-est.ars.sante.fr/system/files/2020-03/Communique%20Coronavirus%20covid%2019%20-%20point%20de%20situation%20en%20Grand%20Est%2004%2003%202020.pdf
2020-03-04,departement,DEP-21,Côte-d'Or,1,,ARS Bourgogne-Franche-Comté,https://www.bourgogne-franche-comte.ars.sante.fr/system/files/2020-03/2020.03.04_COVID19_SITUATION%20BFC.pdf
2020-03-04,departement,DEP-22,Côtes-d'Armor,0,0,,
2020-03-04,departement,DEP-29,Finistère,3,0,,
2020-03-04,departement,DEP-35,Ille-et-Vilaine,4,0,,
2020-03-04,departement,DEP-51,Marne,1,0,ARS Grand-Est,https://www.grand-est.ars.sante.fr/system/files/2020-03/Communique%20Coronavirus%20covid%2019%20-%20point%20de%20situation%20en%20Grand%20Est%2004%2003%202020.pdf
2020-03-04,departement,DEP-52,Haute-Marne,0,0,ARS Grand-Est,https://www.grand-est.ars.sante.fr/system/files/2020-03/Communique%20Coronavirus%20covid%2019%20-%20point%20de%20situation%20en%20Grand%20Est%2004%2003%202020.pdf
2020-03-04,departement,DEP-54,Meurthe-et-Moselle,0,0,ARS Grand-Est,https://www.grand-est.ars.sante.fr/system/files/2020-03/Communique%20Coronavirus%20covid%2019%20-%20point%20de%20situation%20en%20Grand%20Est%2004%2003%202020.pdf
2020-03-04,departement,DEP-55,Meuse,0,0,ARS Grand-Est,https://www.grand-est.ars.sante.fr/system/files/2020-03/Communique%20Coronavirus%20covid%2019%20-%20point%20de%20situation%20en%20Grand%20Est%2004%2003%202020.pdf
2020-03-04,departement,DEP-56,Morbihan,17,,,
2020-03-04,departement,DEP-57,Moselle,0,0,ARS Grand-Est,https://www.grand-est.ars.sante.fr/system/files/2020-03/Communique%20Coronavirus%20covid%2019%20-%20point%20de%20situation%20en%20Grand%20Est%2004%2003%202020.pdf
2020-03-04,departement,DEP-60,Oise,,3,,
2020-03-04,departement,DEP-67,Bas-Rhin,5,0,ARS Grand-Est,https://www.grand-est.ars.sante.fr/system/files/2020-03/Communique%20Coronavirus%20covid%2019%20-%20point%20de%20situation%20en%20Grand%20Est%2004%2003%202020.pdf
2020-03-04,departement,DEP-68,Haut-Rhin,16,0,ARS Grand-Est,https://www.grand-est.ars.sante.fr/system/files/2020-03/Communique%20Coronavirus%20covid%2019%20-%20point%20de%20situation%20en%20Grand%20Est%2004%2003%202020.pdf
2020-03-04,departement,DEP-69,Rhône,4,0,ARS Auvergne Rhône-Alpes,https://www.auvergne-rhone-alpes.ars.sante.fr/system/files/2020-03/200304_ARSARA_COVID-19_Point_Situation.pdf
2020-03-04,departement,DEP-73,Savoie,2,0,ARS Auvergne Rhône-Alpes,https://www.auvergne-rhone-alpes.ars.sante.fr/system/files/2020-03/200304_ARSARA_COVID-19_Point_Situation.pdf
2020-03-04,departement,DEP-73,Drôme,1,0,ARS Auvergne Rhône-Alpes,https://www.auvergne-rhone-alpes.ars.sante.fr/system/files/2020-03/200304_ARSARA_COVID-19_Point_Situation.pdf
2020-03-04,departement,DEP-74,Haute-Savoie,39,0,ARS Auvergne Rhône-Alpes,https://www.auvergne-rhone-alpes.ars.sante.fr/system/files/2020-03/200304_ARSARA_COVID-19_Point_Situation.pdf
2020-03-04,departement,DEP-88,Vosges,1,0,ARS Grand-Est,https://www.grand-est.ars.sante.fr/system/files/2020-03/Communique%20Coronavirus%20covid%2019%20-%20point%20de%20situation%20en%20Grand%20Est%2004%2003%202020.pdf
2020-03-04,pays,FRA,France,285,4,Santé publique France,https://www.santepubliquefrance.fr/content/download/235529/2526819
2020-03-04,region,REG-01,Guadeloupe,3,,Santé publique France,https://www.santepubliquefrance.fr/content/download/235529/2526819
2020-03-04,region,REG-02,Martinique,0,,Santé publique France,https://www.santepubliquefrance.fr/content/download/235529/2526819
2020-03-04,region,REG-03,Guyane,0,,Santé publique France,https://www.santepubliquefrance.fr/content/download/235529/2526819
2020-03-04,region,REG-04,La Réunion,0,,Santé publique France,https://www.santepubliquefrance.fr/content/download/235529/2526819
2020-03-04,region,REG-06,Mayotte,0,,Santé publique France,https://www.santepubliquefrance.fr/content/download/235529/2526819
2020-03-04,region,REG-11,Ile-de-France,55,,Santé publique France,https://www.santepubliquefrance.fr/content/download/235529/2526819
2020-03-04,region,REG-24,Centre-Val de Loire,0,,Santé publique France,https://www.santepubliquefrance.fr/content/download/235529/2526819
2020-03-04,region,REG-27,Bourgogne-Franche-Comté,16,,Santé publique France,https://www.santepubliquefrance.fr/content/download/235529/2526819
2020-03-04,region,REG-28,Normandie,2,,Santé publique France,https://www.santepubliquefrance.fr/content/download/235529/2526819
2020-03-04,region,REG-32,Hauts-de-France,65,,Santé publique France,https://www.santepubliquefrance.fr/content/download/235529/2526819
2020-03-04,region,REG-44,Grand Est,38,,Santé publique France,https://www.santepubliquefrance.fr/content/download/235529/2526819
2020-03-04,region,REG-52,Pays de la Loire,7,,Santé publique France,https://www.santepubliquefrance.fr/content/download/235529/2526819
2020-03-04,region,REG-53,Bretagne,23,,Santé publique France,https://www.santepubliquefrance.fr/content/download/235529/2526819
2020-03-04,region,REG-75,Nouvelle-Aquitaine,5,,Santé publique France,https://www.santepubliquefrance.fr/content/download/235529/2526819
2020-03-04,region,REG-76,Occitanie,9,,Santé publique France,https://www.santepubliquefrance.fr/content/download/235529/2526819
2020-03-04,region,REG-84,Auvergne-Rhône-Alpes,49,,Santé publique France,https://www.santepubliquefrance.fr/content/download/235529/2526819
2020-03-04,region,REG-93,Provence-Alpes-Côte d’Azur,13,,Santé publique France,https://www.santepubliquefrance.fr/content/download/235529/2526819
2020-03-04,region,REG-94,Corse,0,,Santé publique France,https://www.santepubliquefrance.fr/content/download/235529/2526819
2020-03-04,monde,WORLD,Monde,93076,3202,Santé publique France,https://www.santepubliquefrance.fr/content/download/235529/2526819
2020-03-05,departement,DEP-01,Ain,4,0,ARS Auvergne Rhône-Alpes,https://www.auvergne-rhone-alpes.ars.sante.fr/system/files/2020-03/200305_ARSARA_COVID-19_Point_Situation.pdf
2020-03-05,departement,DEP-22,Côtes-d'Armor,0,0,,
2020-03-05,departement,DEP-26,Drôme,3,0,ARS Auvergne Rhône-Alpes,https://www.auvergne-rhone-alpes.ars.sante.fr/system/files/2020-03/200305_ARSARA_COVID-19_Point_Situation.pdf
2020-03-05,departement,DEP-29,Finistère,3,0,,
2020-03-05,departement,DEP-35,Ille-et-Vilaine,5,0,,
2020-03-05,departement,DEP-56,Morbihan,23,,,
2020-03-05,departement,DEP-60,Oise,,5,,
2020-03-05,departement,DEP-69,Rhône,12,0,ARS Auvergne Rhône-Alpes,https://www.auvergne-rhone-alpes.ars.sante.fr/system/files/2020-03/200305_ARSARA_COVID-19_Point_Situation.pdf
2020-03-05,departement,DEP-73,Savoie,2,0,ARS Auvergne Rhône-Alpes,https://www.auvergne-rhone-alpes.ars.sante.fr/system/files/2020-03/200305_ARSARA_COVID-19_Point_Situation.pdf
2020-03-05,departement,DEP-74,Haute-Savoie,39,0,ARS Auvergne Rhône-Alpes,https://www.auvergne-rhone-alpes.ars.sante.fr/system/files/2020-03/200305_ARSARA_COVID-19_Point_Situation.pdf
2020-03-05,departement,DEP-75,Paris,17,,ARS Ile-de-France,https://www.iledefrance.ars.sante.fr/system/files/2020-03/PointSituationCovid19_20200305.pdf
2020-03-05,departement,DEP-77,Seine-et-Marne,3,,ARS Ile-de-France,https://www.iledefrance.ars.sante.fr/system/files/2020-03/PointSituationCovid19_20200305.pdf
2020-03-05,departement,DEP-78,Yvelines,1,,ARS Ile-de-France,https://www.iledefrance.ars.sante.fr/system/files/2020-03/PointSituationCovid19_20200305.pdf
2020-03-05,departement,DEP-91,Essone,1,,ARS Ile-de-France,https://www.iledefrance.ars.sante.fr/system/files/2020-03/PointSituationCovid19_20200305.pdf
2020-03-05,departement,DEP-92,Hauts-de-Seine,10,,ARS Ile-de-France,https://www.iledefrance.ars.sante.fr/system/files/2020-03/PointSituationCovid19_20200305.pdf
2020-03-05,departement,DEP-93,Saint-Saint-Denis,7,,ARS Ile-de-France,https://www.iledefrance.ars.sante.fr/system/files/2020-03/PointSituationCovid19_20200305.pdf
2020-03-05,departement,DEP-94,Val-de-Marne,7,,ARS Ile-de-France,https://www.iledefrance.ars.sante.fr/system/files/2020-03/PointSituationCovid19_20200305.pdf
2020-03-05,departement,DEP-95,Val-d'Oise,12,,ARS Ile-de-France,https://www.iledefrance.ars.sante.fr/system/files/2020-03/PointSituationCovid19_20200305.pdf
2020-03-05,pays,FRA,France,423,5,Santé publique France,https://www.santepubliquefrance.fr/content/download/235532/2526871
2020-03-05,region,REG-01,Guadeloupe,3,,Santé publique France,https://www.santepubliquefrance.fr/content/download/235532/2526871
2020-03-05,region,REG-02,Martinique,0,,Santé publique France,https://www.santepubliquefrance.fr/content/download/235532/2526871
2020-03-05,region,REG-03,Guyane,5,,Santé publique France,https://www.santepubliquefrance.fr/content/download/235532/2526871
2020-03-05,region,REG-04,La Réunion,0,,Santé publique France,https://www.santepubliquefrance.fr/content/download/235532/2526871
2020-03-05,region,REG-06,Mayotte,0,,Santé publique France,https://www.santepubliquefrance.fr/content/download/235532/2526871
2020-03-05,region,REG-11,Ile-de-France,76,,Santé publique France,https://www.santepubliquefrance.fr/content/download/235532/2526871
2020-03-05,region,REG-24,Centre-Val de Loire,2,,Santé publique France,https://www.santepubliquefrance.fr/content/download/235532/2526871
2020-03-05,region,REG-27,Bourgogne-Franche-Comté,39,,Santé publique France,https://www.santepubliquefrance.fr/content/download/235532/2526871
2020-03-05,region,REG-28,Normandie,6,,Santé publique France,https://www.santepubliquefrance.fr/content/download/235532/2526871
2020-03-05,region,REG-32,Hauts-de-France,74,,Santé publique France,https://www.santepubliquefrance.fr/content/download/235532/2526871
2020-03-05,region,REG-44,Grand Est,77,,Santé publique France,https://www.santepubliquefrance.fr/content/download/235532/2526871
2020-03-05,region,REG-52,Pays de la Loire,8,,Santé publique France,https://www.santepubliquefrance.fr/content/download/235532/2526871
2020-03-05,region,REG-53,Bretagne,29,,Santé publique France,https://www.santepubliquefrance.fr/content/download/235532/2526871
2020-03-05,region,REG-75,Nouvelle-Aquitaine,8,,Santé publique France,https://www.santepubliquefrance.fr/content/download/235532/2526871
2020-03-05,region,REG-76,Occitanie,11,,Santé publique France,https://www.santepubliquefrance.fr/content/download/235532/2526871
2020-03-05,region,REG-84,Auvergne-Rhône-Alpes,64,,Santé publique France,https://www.santepubliquefrance.fr/content/download/235532/2526871
2020-03-05,region,REG-93,Provence-Alpes-Côte d’Azur,18,,Santé publique France,https://www.santepubliquefrance.fr/content/download/235532/2526871
2020-03-05,region,REG-94,Corse,3,,Santé publique France,https://www.santepubliquefrance.fr/content/download/235532/2526871
2020-03-05,monde,WORLD,Monde,95315,3282,Santé publique France,https://www.santepubliquefrance.fr/content/download/235532/2526871
2020-03-06,collectivite-outremer,COM-977,Saint-Barthélemy,1,,Santé publique France,https://www.santepubliquefrance.fr/content/download/235535/2526923
2020-03-06,collectivite-outremer,COM-978,Saint-Martin,2,,Santé publique France,https://www.santepubliquefrance.fr/content/download/235535/2526923
2020-03-06,departement,DEP-01,Ain,4,0,ARS Auvergne Rhône-Alpes,https://www.auvergne-rhone-alpes.ars.sante.fr/system/files/2020-03/200305_ARSARA_COVID-19_Point_Situation.pdf
2020-03-06,departement,DEP-07,Ardèche,2,0,ARS Auvergne Rhône-Alpes,https://www.auvergne-rhone-alpes.ars.sante.fr/system/files/2020-03/200305_ARSARA_COVID-19_Point_Situation.pdf
2020-03-06,departement,DEP-22,Côtes-d'Armor,0,0,,
2020-03-06,departement,DEP-26,Drôme,3,0,ARS Auvergne Rhône-Alpes,https://www.auvergne-rhone-alpes.ars.sante.fr/system/files/2020-03/200305_ARSARA_COVID-19_Point_Situation.pdf
2020-03-06,departement,DEP-29,Finistère,4,0,,
2020-03-06,departement,DEP-35,Ille-et-Vilaine,6,0,,
2020-03-06,departement,DEP-42,Loire,1,0,ARS Auvergne Rhône-Alpes,https://www.auvergne-rhone-alpes.ars.sante.fr/system/files/2020-03/200305_ARSARA_COVID-19_Point_Situation.pdf
2020-03-06,departement,DEP-56,Morbihan,24,,,
2020-03-06,departement,DEP-63,Puy-de-Dôme,5,0,ARS Auvergne Rhône-Alpes,https://www.auvergne-rhone-alpes.ars.sante.fr/system/files/2020-03/200305_ARSARA_COVID-19_Point_Situation.pdf
2020-03-06,departement,DEP-69,Rhône,21,0,ARS Auvergne Rhône-Alpes,https://www.auvergne-rhone-alpes.ars.sante.fr/system/files/2020-03/200305_ARSARA_COVID-19_Point_Situation.pdf
2020-03-06,departement,DEP-73,Savoie,3,0,ARS Auvergne Rhône-Alpes,https://www.auvergne-rhone-alpes.ars.sante.fr/system/files/2020-03/200305_ARSARA_COVID-19_Point_Situation.pdf
2020-03-06,departement,DEP-74,Haute-Savoie,48,0,ARS Auvergne Rhône-Alpes,https://www.auvergne-rhone-alpes.ars.sante.fr/system/files/2020-03/200305_ARSARA_COVID-19_Point_Situation.pdf
2020-03-06,departement,DEP-75,Paris,19,,ARS Ile-de-France,https://www.iledefrance.ars.sante.fr/system/files/2020-03/PointSituationCovid19_20200305.pdf
2020-03-06,departement,DEP-77,Seine-et-Marne,8,,ARS Ile-de-France,https://www.iledefrance.ars.sante.fr/system/files/2020-03/PointSituationCovid19_20200305.pdf
2020-03-06,departement,DEP-78,Yvelines,3,,ARS Ile-de-France,https://www.iledefrance.ars.sante.fr/system/files/2020-03/PointSituationCovid19_20200305.pdf
2020-03-06,departement,DEP-91,Essone,2,,ARS Ile-de-France,https://www.iledefrance.ars.sante.fr/system/files/2020-03/PointSituationCovid19_20200305.pdf
2020-03-06,departement,DEP-92,Hauts-de-Seine,10,,ARS Ile-de-France,https://www.iledefrance.ars.sante.fr/system/files/2020-03/PointSituationCovid19_20200305.pdf
2020-03-06,departement,DEP-93,Saint-Saint-Denis,12,,ARS Ile-de-France,https://www.iledefrance.ars.sante.fr/system/files/2020-03/PointSituationCovid19_20200305.pdf
2020-03-06,departement,DEP-94,Val-de-Marne,9,,ARS Ile-de-France,https://www.iledefrance.ars.sante.fr/system/files/2020-03/PointSituationCovid19_20200305.pdf
2020-03-06,departement,DEP-95,Val-d'Oise,26,1,ARS Ile-de-France,https://www.iledefrance.ars.sante.fr/system/files/2020-03/PointSituationCovid19_20200305.pdf
2020-03-06,pays,FRA,France,613,9,Santé publique France,https://www.santepubliquefrance.fr/content/download/235535/2526923
2020-03-06,region,REG-01,Guadeloupe,0,,Santé publique France,https://www.santepubliquefrance.fr/content/download/235535/2526923
2020-03-06,region,REG-02,Martinique,2,,Santé publique France,https://www.santepubliquefrance.fr/content/download/235535/2526923
2020-03-06,region,REG-03,Guyane,5,,Santé publique France,https://www.santepubliquefrance.fr/content/download/235535/2526923
2020-03-06,region,REG-04,La Réunion,0,,Santé publique France,https://www.santepubliquefrance.fr/content/download/235535/2526923
2020-03-06,region,REG-06,Mayotte,0,,Santé publique France,https://www.santepubliquefrance.fr/content/download/235535/2526923
2020-03-06,region,REG-11,Ile-de-France,89,,Santé publique France,https://www.santepubliquefrance.fr/content/download/235535/2526923
2020-03-06,region,REG-24,Centre-Val de Loire,11,,Santé publique France,https://www.santepubliquefrance.fr/content/download/235535/2526923
2020-03-06,region,REG-27,Bourgogne-Franche-Comté,78,,Santé publique France,https://www.santepubliquefrance.fr/content/download/235535/2526923
2020-03-06,region,REG-28,Normandie,11,,Santé publique France,https://www.santepubliquefrance.fr/content/download/235535/2526923
2020-03-06,region,REG-32,Hauts-de-France,97,,Santé publique France,https://www.santepubliquefrance.fr/content/download/235535/2526923
2020-03-06,region,REG-44,Grand Est,136,,Santé publique France,https://www.santepubliquefrance.fr/content/download/235535/2526923
2020-03-06,region,REG-52,Pays de la Loire,16,,Santé publique France,https://www.santepubliquefrance.fr/content/download/235535/2526923
2020-03-06,region,REG-53,Bretagne,32,,Santé publique France,https://www.santepubliquefrance.fr/content/download/235535/2526923
2020-03-06,region,REG-75,Nouvelle-Aquitaine,11,,Santé publique France,https://www.santepubliquefrance.fr/content/download/235535/2526923
2020-03-06,region,REG-76,Occitanie,18,,Santé publique France,https://www.santepubliquefrance.fr/content/download/235535/2526923
2020-03-06,region,REG-84,Auvergne-Rhône-Alpes,75,,Santé publique France,https://www.santepubliquefrance.fr/content/download/235535/2526923
2020-03-06,region,REG-93,Provence-Alpes-Côte d’Azur,26,,Santé publique France,https://www.santepubliquefrance.fr/content/download/235535/2526923
2020-03-06,region,REG-94,Corse,3,,Santé publique France,https://www.santepubliquefrance.fr/content/download/235535/2526923
2020-03-06,monde,WORLD,Monde,98171,3385,Santé publique France,https://www.santepubliquefrance.fr/content/download/235535/2526923
2020-03-07,collectivite-outremer,COM-977,Saint-Barthélemy,1,,Santé publique France,https://www.santepubliquefrance.fr/content/download/235538/2526975
2020-03-07,collectivite-outremer,COM-978,Saint-Martin,2,,Santé publique France,https://www.santepubliquefrance.fr/content/download/235538/2526975
2020-03-07,departement,DEP-01,Ain,7,0,ARS Auvergne Rhône-Alpes,https://www.auvergne-rhone-alpes.ars.sante.fr/system/files/2020-03/200307_ARSARA_COVID-19_Point_Situation_0.pdf
2020-03-07,departement,DEP-07,Ardèche,2,0,ARS Auvergne Rhône-Alpes,https://www.auvergne-rhone-alpes.ars.sante.fr/system/files/2020-03/200307_ARSARA_COVID-19_Point_Situation_0.pdf
2020-03-07,departement,DEP-14,Calvados,1,0,ARS Normandie,https://www.normandie.ars.sante.fr/system/files/2020-03/CPpointSituationReg20200307.pdf
2020-03-07,departement,DEP-22,Côtes-d'Armor,0,0,,
2020-03-07,departement,DEP-26,Drôme,16,0,ARS Auvergne Rhône-Alpes,https://www.auvergne-rhone-alpes.ars.sante.fr/system/files/2020-03/200307_ARSARA_COVID-19_Point_Situation_0.pdf
2020-03-07,departement,DEP-27,Eure,1,0,ARS Normandie,https://www.normandie.ars.sante.fr/system/files/2020-03/CPpointSituationReg20200307.pdf
2020-03-07,departement,DEP-29,Finistère,5,0,,
2020-03-07,departement,DEP-35,Ille-et-Vilaine,7,0,,
2020-03-07,departement,DEP-42,Loire,2,0,ARS Auvergne Rhône-Alpes,https://www.auvergne-rhone-alpes.ars.sante.fr/system/files/2020-03/200307_ARSARA_COVID-19_Point_Situation_0.pdf
2020-03-07,departement,DEP-50,Manche,6,0,ARS Normandie,https://www.normandie.ars.sante.fr/system/files/2020-03/CPpointSituationReg20200307.pdf
2020-03-07,departement,DEP-56,Morbihan,35,,,
2020-03-07,departement,DEP-58,Nièvre,0,0,ARS Bourgogne-Franche-Comté,https://www.bourgogne-franche-comte.ars.sante.fr/system/files/2020-03/2020.03.07_COVID19_SITUATION%20BFC.pdf
2020-03-07,departement,DEP-60,Oise,,7,,
2020-03-07,departement,DEP-61,Orne,0,0,ARS Normandie,https://www.normandie.ars.sante.fr/system/files/2020-03/CPpointSituationReg20200307.pdf
2020-03-07,departement,DEP-63,Puy-de-Dôme,5,0,ARS Auvergne Rhône-Alpes,https://www.auvergne-rhone-alpes.ars.sante.fr/system/files/2020-03/200307_ARSARA_COVID-19_Point_Situation_0.pdf
2020-03-07,departement,DEP-69,Rhône,32,0,ARS Auvergne Rhône-Alpes,https://www.auvergne-rhone-alpes.ars.sante.fr/system/files/2020-03/200307_ARSARA_COVID-19_Point_Situation_0.pdf
2020-03-07,departement,DEP-73,Savoie,3,0,ARS Auvergne Rhône-Alpes,https://www.auvergne-rhone-alpes.ars.sante.fr/system/files/2020-03/200307_ARSARA_COVID-19_Point_Situation_0.pdf
2020-03-07,departement,DEP-74,Haute-Savoie,58,0,ARS Auvergne Rhône-Alpes,https://www.auvergne-rhone-alpes.ars.sante.fr/system/files/2020-03/200307_ARSARA_COVID-19_Point_Situation_0.pdf
2020-03-07,departement,DEP-75,Paris,21,,ARS Ile-de-France,https://www.iledefrance.ars.sante.fr/system/files/2020-03/PointSituationCovid19_20200307.pdf
2020-03-07,departement,DEP-76,Seine-Maritime,2,1,ARS Normandie,https://www.normandie.ars.sante.fr/system/files/2020-03/CPpointSituationReg20200307.pdf
2020-03-07,departement,DEP-77,Seine-et-Marne,8,,ARS Ile-de-France,https://www.iledefrance.ars.sante.fr/system/files/2020-03/PointSituationCovid19_20200307.pdf
2020-03-07,departement,DEP-78,Yvelines,7,,ARS Ile-de-France,https://www.iledefrance.ars.sante.fr/system/files/2020-03/PointSituationCovid19_20200307.pdf
2020-03-07,departement,DEP-89,Yonne,0,0,ARS Bourgogne-Franche-Comté,https://www.bourgogne-franche-comte.ars.sante.fr/system/files/2020-03/2020.03.07_COVID19_SITUATION%20BFC.pdf
2020-03-07,departement,DEP-91,Essone,5,,ARS Ile-de-France,https://www.iledefrance.ars.sante.fr/system/files/2020-03/PointSituationCovid19_20200307.pdf
2020-03-07,departement,DEP-92,Hauts-de-Seine,11,,ARS Ile-de-France,https://www.iledefrance.ars.sante.fr/system/files/2020-03/PointSituationCovid19_20200307.pdf
2020-03-07,departement,DEP-93,Saint-Saint-Denis,13,,ARS Ile-de-France,https://www.iledefrance.ars.sante.fr/system/files/2020-03/PointSituationCovid19_20200307.pdf
2020-03-07,departement,DEP-94,Val-de-Marne,10,,ARS Ile-de-France,https://www.iledefrance.ars.sante.fr/system/files/2020-03/PointSituationCovid19_20200307.pdf
2020-03-07,departement,DEP-95,Val-d'Oise,31,1,ARS Ile-de-France,https://www.iledefrance.ars.sante.fr/system/files/2020-03/PointSituationCovid19_20200307.pdf
2020-03-07,pays,FRA,France,949,11,Santé publique France,https://www.santepubliquefrance.fr/content/download/235538/2526975
2020-03-07,region,REG-01,Guadeloupe,0,,Santé publique France,https://www.santepubliquefrance.fr/content/download/235538/2526975
2020-03-07,region,REG-02,Martinique,2,,Santé publique France,https://www.santepubliquefrance.fr/content/download/235538/2526975
2020-03-07,region,REG-03,Guyane,5,,Santé publique France,https://www.santepubliquefrance.fr/content/download/235538/2526975
2020-03-07,region,REG-04,La Réunion,0,,Santé publique France,https://www.santepubliquefrance.fr/content/download/235538/2526975
2020-03-07,region,REG-06,Mayotte,0,,Santé publique France,https://www.santepubliquefrance.fr/content/download/235538/2526975
2020-03-07,region,REG-11,Ile-de-France,104,,Santé publique France,https://www.santepubliquefrance.fr/content/download/235538/2526975
2020-03-07,region,REG-24,Centre-Val de Loire,16,,Santé publique France,https://www.santepubliquefrance.fr/content/download/235538/2526975
2020-03-07,region,REG-27,Bourgogne-Franche-Comté,129,,Santé publique France,https://www.santepubliquefrance.fr/content/download/235538/2526975
2020-03-07,region,REG-28,Normandie,11,,Santé publique France,https://www.santepubliquefrance.fr/content/download/235538/2526975
2020-03-07,region,REG-32,Hauts-de-France,173,,Santé publique France,https://www.santepubliquefrance.fr/content/download/235538/2526975
2020-03-07,region,REG-44,Grand Est,250,,Santé publique France,https://www.santepubliquefrance.fr/content/download/235538/2526975
2020-03-07,region,REG-52,Pays de la Loire,18,,Santé publique France,https://www.santepubliquefrance.fr/content/download/235538/2526975
2020-03-07,region,REG-53,Bretagne,40,,Santé publique France,https://www.santepubliquefrance.fr/content/download/235538/2526975
2020-03-07,region,REG-75,Nouvelle-Aquitaine,17,,Santé publique France,https://www.santepubliquefrance.fr/content/download/235538/2526975
2020-03-07,region,REG-76,Occitanie,36,,Santé publique France,https://www.santepubliquefrance.fr/content/download/235538/2526975
2020-03-07,region,REG-84,Auvergne-Rhône-Alpes,102,,Santé publique France,https://www.santepubliquefrance.fr/content/download/235538/2526975
2020-03-07,region,REG-93,Provence-Alpes-Côte d’Azur,38,,Santé publique France,https://www.santepubliquefrance.fr/content/download/235538/2526975
2020-03-07,region,REG-94,Corse,5,,Santé publique France,https://www.santepubliquefrance.fr/content/download/235538/2526975
2020-03-07,monde,WORLD,Monde,101855,3488,Santé publique France,https://www.santepubliquefrance.fr/content/download/235538/2526975
2020-03-08,departement,DEP-01,Ain,8,0,ARS Auvergne Rhône-Alpes,https://www.auvergne-rhone-alpes.ars.sante.fr/system/files/2020-03/200308_ARSARA_COVID-19_Point_Situation_1.pdf
2020-03-08,departement,DEP-02,Aisne,3,0,ARS Grand-Est,https://www.grand-est.ars.sante.fr/system/files/2020-03/Covid19_point_GrandEst080320.pdf
2020-03-08,departement,DEP-07,Ardèche,3,0,ARS Auvergne Rhône-Alpes,https://www.auvergne-rhone-alpes.ars.sante.fr/system/files/2020-03/200308_ARSARA_COVID-19_Point_Situation_1.pdf
2020-03-08,departement,DEP-08,Ardennes,1,0,ARS Grand-Est,https://www.grand-est.ars.sante.fr/system/files/2020-03/Covid19_point_GrandEst080320.pdf
2020-03-08,departement,DEP-10,Aube,1,0,ARS Grand-Est,https://www.grand-est.ars.sante.fr/system/files/2020-03/Covid19_point_GrandEst080320.pdf
2020-03-08,departement,DEP-14,Calvados,2,0,ARS Normandie,https://www.normandie.ars.sante.fr/system/files/2020-03/CPpointSituation20200308.pdf
2020-03-08,departement,DEP-22,Côtes-d'Armor,0,0,,
2020-03-08,departement,DEP-26,Drôme,16,1,ARS Auvergne Rhône-Alpes,https://www.auvergne-rhone-alpes.ars.sante.fr/system/files/2020-03/200308_ARSARA_COVID-19_Point_Situation_1.pdf
2020-03-08,departement,DEP-27,Eure,6,0,ARS Normandie,https://www.normandie.ars.sante.fr/system/files/2020-03/CPpointSituation20200308.pdf
2020-03-08,departement,DEP-29,Finistère,5,0,,
2020-03-08,departement,DEP-35,Ille-et-Vilaine,7,0,,
2020-03-08,departement,DEP-42,Loire,6,0,ARS Auvergne Rhône-Alpes,https://www.auvergne-rhone-alpes.ars.sante.fr/system/files/2020-03/200308_ARSARA_COVID-19_Point_Situation_1.pdf
2020-03-08,departement,DEP-50,Manche,6,0,ARS Normandie,https://www.normandie.ars.sante.fr/system/files/2020-03/CPpointSituation20200308.pdf
2020-03-08,departement,DEP-51,Marne,5,0,ARS Grand-Est,https://www.grand-est.ars.sante.fr/system/files/2020-03/Covid19_point_GrandEst080320.pdf
2020-03-08,departement,DEP-52,Haute-Marne,1,0,ARS Grand-Est,https://www.grand-est.ars.sante.fr/system/files/2020-03/Covid19_point_GrandEst080320.pdf
2020-03-08,departement,DEP-54,Meurthe-et-Moselle,10,0,ARS Grand-Est,https://www.grand-est.ars.sante.fr/system/files/2020-03/Covid19_point_GrandEst080320.pdf
2020-03-08,departement,DEP-55,Meuse,2,0,ARS Grand-Est,https://www.grand-est.ars.sante.fr/system/files/2020-03/Covid19_point_GrandEst080320.pdf
2020-03-08,departement,DEP-56,Morbihan,47,,,
2020-03-08,departement,DEP-57,Moselle,16,1,ARS Grand-Est,https://www.grand-est.ars.sante.fr/system/files/2020-03/Covid19_point_GrandEst080320.pdf
2020-03-08,departement,DEP-58,Nièvre,0,0,ARS Bourgogne-Franche-Comté,https://www.bourgogne-franche-comte.ars.sante.fr/system/files/2020-03/2020.03.08_COVID19_SITUATION%20BFC.pdf
2020-03-08,departement,DEP-61,Orne,0,0,ARS Normandie,https://www.normandie.ars.sante.fr/system/files/2020-03/CPpointSituation20200308.pdf
2020-03-08,departement,DEP-63,Puy-de-Dôme,7,0,ARS Auvergne Rhône-Alpes,https://www.auvergne-rhone-alpes.ars.sante.fr/system/files/2020-03/200308_ARSARA_COVID-19_Point_Situation_1.pdf
2020-03-08,departement,DEP-67,Bas-Rhin,46,0,ARS Grand-Est,https://www.grand-est.ars.sante.fr/system/files/2020-03/Covid19_point_GrandEst080320.pdf
2020-03-08,departement,DEP-68,Haut-Rhin,162,2,ARS Grand-Est,https://www.grand-est.ars.sante.fr/system/files/2020-03/Covid19_point_GrandEst080320.pdf
2020-03-08,departement,DEP-69,Rhône,44,0,ARS Auvergne Rhône-Alpes,https://www.auvergne-rhone-alpes.ars.sante.fr/system/files/2020-03/200308_ARSARA_COVID-19_Point_Situation_1.pdf
2020-03-08,departement,DEP-73,Savoie,3,0,ARS Auvergne Rhône-Alpes,https://www.auvergne-rhone-alpes.ars.sante.fr/system/files/2020-03/200308_ARSARA_COVID-19_Point_Situation_1.pdf
2020-03-08,departement,DEP-74,Haute-Savoie,59,0,ARS Auvergne Rhône-Alpes,https://www.auvergne-rhone-alpes.ars.sante.fr/system/files/2020-03/200308_ARSARA_COVID-19_Point_Situation_1.pdf
2020-03-08,departement,DEP-75,Paris,26,,ARS Ile-de-France,https://www.iledefrance.ars.sante.fr/system/files/2020-03/PointSituationCovid19_20200308.pdf
2020-03-08,departement,DEP-76,Seine-Maritime,8,1,ARS Normandie,https://www.normandie.ars.sante.fr/system/files/2020-03/CPpointSituation20200308.pdf
2020-03-08,departement,DEP-77,Seine-et-Marne,12,,ARS Ile-de-France,https://www.iledefrance.ars.sante.fr/system/files/2020-03/PointSituationCovid19_20200308.pdf
2020-03-08,departement,DEP-78,Yvelines,13,,ARS Ile-de-France,https://www.iledefrance.ars.sante.fr/system/files/2020-03/PointSituationCovid19_20200308.pdf
2020-03-08,departement,DEP-88,Vosges,15,0,ARS Grand-Est,https://www.grand-est.ars.sante.fr/system/files/2020-03/Covid19_point_GrandEst080320.pdf
2020-03-08,departement,DEP-91,Essone,6,,ARS Ile-de-France,https://www.iledefrance.ars.sante.fr/system/files/2020-03/PointSituationCovid19_20200308.pdf
2020-03-08,departement,DEP-92,Hauts-de-Seine,19,,ARS Ile-de-France,https://www.iledefrance.ars.sante.fr/system/files/2020-03/PointSituationCovid19_20200308.pdf
2020-03-08,departement,DEP-93,Saint-Saint-Denis,16,,ARS Ile-de-France,https://www.iledefrance.ars.sante.fr/system/files/2020-03/PointSituationCovid19_20200308.pdf
2020-03-08,departement,DEP-94,Val-de-Marne,13,,ARS Ile-de-France,https://www.iledefrance.ars.sante.fr/system/files/2020-03/PointSituationCovid19_20200308.pdf
2020-03-08,departement,DEP-95,Val-d'Oise,39,1,ARS Ile-de-France,https://www.iledefrance.ars.sante.fr/system/files/2020-03/PointSituationCovid19_20200308.pdf
2020-03-08,region,REG-44,Grand Est,262,3,ARS Grand-Est,https://www.grand-est.ars.sante.fr/system/files/2020-03/Covid19_point_GrandEst080320.pdf
2020-03-09,departement,DEP-01,Ain,17,0,ARS Auvergne Rhône-Alpes,https://www.auvergne-rhone-alpes.ars.sante.fr/system/files/2020-03/200309_ARSARA_COVID-19_Point_Situation.pdf
2020-03-09,departement,DEP-02,Aisne,3,0,ARS Grand-Est,https://www.grand-est.ars.sante.fr/system/files/2020-03/CP_Coronavirus_covid%2019_GrandEst_090320.pdf
2020-03-09,departement,DEP-07,Ardèche,6,0,ARS Auvergne Rhône-Alpes,https://www.auvergne-rhone-alpes.ars.sante.fr/system/files/2020-03/200309_ARSARA_COVID-19_Point_Situation.pdf
2020-03-09,departement,DEP-08,Ardennes,1,0,ARS Grand-Est,https://www.grand-est.ars.sante.fr/system/files/2020-03/CP_Coronavirus_covid%2019_GrandEst_090320.pdf
2020-03-09,departement,DEP-10,Aube,1,0,ARS Grand-Est,https://www.grand-est.ars.sante.fr/system/files/2020-03/CP_Coronavirus_covid%2019_GrandEst_090320.pdf
2020-03-09,departement,DEP-14,Calvados,2,0,ARS Normandie,https://www.normandie.ars.sante.fr/system/files/2020-03/CP-point-situation-2020-03-09.pdf
2020-03-09,departement,DEP-22,Côtes-d'Armor,0,0,,
2020-03-09,departement,DEP-26,Drôme,16,1,ARS Auvergne Rhône-Alpes,https://www.auvergne-rhone-alpes.ars.sante.fr/system/files/2020-03/200309_ARSARA_COVID-19_Point_Situation.pdf
2020-03-09,departement,DEP-27,Eure,7,0,ARS Normandie,https://www.normandie.ars.sante.fr/system/files/2020-03/CP-point-situation-2020-03-09.pdf
2020-03-09,departement,DEP-29,Finistère,5,0,,
2020-03-09,departement,DEP-35,Ille-et-Vilaine,11,0,,
2020-03-09,departement,DEP-38,Isère,1,0,ARS Auvergne Rhône-Alpes,https://www.auvergne-rhone-alpes.ars.sante.fr/system/files/2020-03/200309_ARSARA_COVID-19_Point_Situation.pdf
2020-03-09,departement,DEP-42,Loire,15,0,ARS Auvergne Rhône-Alpes,https://www.auvergne-rhone-alpes.ars.sante.fr/system/files/2020-03/200309_ARSARA_COVID-19_Point_Situation.pdf
2020-03-09,departement,DEP-50,Manche,6,0,ARS Normandie,https://www.normandie.ars.sante.fr/system/files/2020-03/CP-point-situation-2020-03-09.pdf
2020-03-09,departement,DEP-51,Marne,5,0,ARS Grand-Est,https://www.grand-est.ars.sante.fr/system/files/2020-03/CP_Coronavirus_covid%2019_GrandEst_090320.pdf
2020-03-09,departement,DEP-52,Haute-Marne,1,0,ARS Grand-Est,https://www.grand-est.ars.sante.fr/system/files/2020-03/CP_Coronavirus_covid%2019_GrandEst_090320.pdf
2020-03-09,departement,DEP-54,Meurthe-et-Moselle,11,0,ARS Grand-Est,https://www.grand-est.ars.sante.fr/system/files/2020-03/CP_Coronavirus_covid%2019_GrandEst_090320.pdf
2020-03-09,departement,DEP-55,Meuse,3,0,ARS Grand-Est,https://www.grand-est.ars.sante.fr/system/files/2020-03/CP_Coronavirus_covid%2019_GrandEst_090320.pdf
2020-03-09,departement,DEP-56,Morbihan,55,,,
2020-03-09,departement,DEP-57,Moselle,22,1,ARS Grand-Est,https://www.grand-est.ars.sante.fr/system/files/2020-03/CP_Coronavirus_covid%2019_GrandEst_090320.pdf
2020-03-09,departement,DEP-58,Nièvre,0,0,ARS Bourgogne-Franche-Comté,https://www.bourgogne-franche-comte.ars.sante.fr/system/files/2020-03/2020.03.09_COVID19_SITUATION%20BFC.pdf
2020-03-09,departement,DEP-60,Oise,,8,,
2020-03-09,departement,DEP-61,Orne,0,0,ARS Normandie,https://www.normandie.ars.sante.fr/system/files/2020-03/CP-point-situation-2020-03-09.pdf
2020-03-09,departement,DEP-63,Puy-de-Dôme,7,0,ARS Auvergne Rhône-Alpes,https://www.auvergne-rhone-alpes.ars.sante.fr/system/files/2020-03/200309_ARSARA_COVID-19_Point_Situation.pdf
2020-03-09,departement,DEP-67,Bas-Rhin,53,0,ARS Grand-Est,https://www.grand-est.ars.sante.fr/system/files/2020-03/CP_Coronavirus_covid%2019_GrandEst_090320.pdf
2020-03-09,departement,DEP-68,Haut-Rhin,193,2,ARS Grand-Est,https://www.grand-est.ars.sante.fr/system/files/2020-03/CP_Coronavirus_covid%2019_GrandEst_090320.pdf
2020-03-09,departement,DEP-69,Rhône,49,1,ARS Auvergne Rhône-Alpes,https://www.auvergne-rhone-alpes.ars.sante.fr/system/files/2020-03/200309_ARSARA_COVID-19_Point_Situation.pdf
2020-03-09,departement,DEP-73,Savoie,3,1,ARS Auvergne Rhône-Alpes,https://www.auvergne-rhone-alpes.ars.sante.fr/system/files/2020-03/200309_ARSARA_COVID-19_Point_Situation.pdf
2020-03-09,departement,DEP-74,Haute-Savoie,66,0,ARS Auvergne Rhône-Alpes,https://www.auvergne-rhone-alpes.ars.sante.fr/system/files/2020-03/200309_ARSARA_COVID-19_Point_Situation.pdf
2020-03-09,departement,DEP-75,Paris,27,,ARS Ile-de-France,https://www.iledefrance.ars.sante.fr/system/files/2020-03/PointSituationCovid19_20200309.pdf
2020-03-09,departement,DEP-76,Seine-Maritime,10,1,ARS Normandie,https://www.normandie.ars.sante.fr/system/files/2020-03/CP-point-situation-2020-03-09.pdf
2020-03-09,departement,DEP-77,Seine-et-Marne,13,,ARS Ile-de-France,https://www.iledefrance.ars.sante.fr/system/files/2020-03/PointSituationCovid19_20200309.pdf
2020-03-09,departement,DEP-78,Yvelines,25,,ARS Ile-de-France,https://www.iledefrance.ars.sante.fr/system/files/2020-03/PointSituationCovid19_20200309.pdf
2020-03-09,departement,DEP-88,Vosges,17,1,ARS Grand-Est,https://www.grand-est.ars.sante.fr/system/files/2020-03/CP_Coronavirus_covid%2019_GrandEst_090320.pdf
2020-03-09,departement,DEP-91,Essone,7,,ARS Ile-de-France,https://www.iledefrance.ars.sante.fr/system/files/2020-03/PointSituationCovid19_20200309.pdf
2020-03-09,departement,DEP-92,Hauts-de-Seine,20,,ARS Ile-de-France,https://www.iledefrance.ars.sante.fr/system/files/2020-03/PointSituationCovid19_20200309.pdf
2020-03-09,departement,DEP-93,Saint-Saint-Denis,16,,ARS Ile-de-France,https://www.iledefrance.ars.sante.fr/system/files/2020-03/PointSituationCovid19_20200309.pdf
2020-03-09,departement,DEP-94,Val-de-Marne,15,,ARS Ile-de-France,https://www.iledefrance.ars.sante.fr/system/files/2020-03/PointSituationCovid19_20200309.pdf
2020-03-09,departement,DEP-95,Val-d'Oise,45,1,ARS Ile-de-France,https://www.iledefrance.ars.sante.fr/system/files/2020-03/PointSituationCovid19_20200309.pdf
2020-03-10,collectivite-outremer,COM-977,Saint-Barthélemy,1,,Santé publique France,
2020-03-10,collectivite-outremer,COM-978,Saint-Martin,2,,Santé publique France,
2020-03-10,departement,DEP-01,Ain,23,0,ARS Auvergne Rhône-Alpes,https://www.auvergne-rhone-alpes.ars.sante.fr/system/files/2020-03/200310_ARSARA_COVID-19_Point_Situation.pdf
2020-03-10,departement,DEP-02,Aisne,3,0,ARS Grand-Est,https://www.grand-est.ars.sante.fr/system/files/2020-03/CP_Coronavirus_covid%2019_GrandEst_090320.pdf
2020-03-10,departement,DEP-07,Ardèche,6,0,ARS Auvergne Rhône-Alpes,https://www.auvergne-rhone-alpes.ars.sante.fr/system/files/2020-03/200310_ARSARA_COVID-19_Point_Situation.pdf
2020-03-10,departement,DEP-08,Ardennes,1,0,ARS Grand-Est,https://www.grand-est.ars.sante.fr/system/files/2020-03/CP_Coronavirus_covid%2019_GrandEst_090320.pdf
2020-03-10,departement,DEP-10,Aube,1,0,ARS Grand-Est,https://www.grand-est.ars.sante.fr/system/files/2020-03/CP_Coronavirus_covid%2019_GrandEst_090320.pdf
2020-03-10,departement,DEP-14,Calvados,2,0,ARS Normandie,https://www.normandie.ars.sante.fr/system/files/2020-03/CP-point-situation-2020-03-10.pdf
2020-03-10,departement,DEP-22,Côtes-d'Armor,0,0,,
2020-03-10,departement,DEP-26,Drôme,20,1,ARS Auvergne Rhône-Alpes,https://www.auvergne-rhone-alpes.ars.sante.fr/system/files/2020-03/200310_ARSARA_COVID-19_Point_Situation.pdf
2020-03-10,departement,DEP-27,Eure,11,0,ARS Normandie,https://www.normandie.ars.sante.fr/system/files/2020-03/CP-point-situation-2020-03-10.pdf
2020-03-10,departement,DEP-29,Finistère,7,0,,
2020-03-10,departement,DEP-35,Ille-et-Vilaine,11,0,,
2020-03-10,departement,DEP-38,Isère,3,0,ARS Auvergne Rhône-Alpes,https://www.auvergne-rhone-alpes.ars.sante.fr/system/files/2020-03/200310_ARSARA_COVID-19_Point_Situation.pdf
2020-03-10,departement,DEP-42,Loire,29,0,ARS Auvergne Rhône-Alpes,https://www.auvergne-rhone-alpes.ars.sante.fr/system/files/2020-03/200310_ARSARA_COVID-19_Point_Situation.pdf
2020-03-10,departement,DEP-50,Manche,6,0,ARS Normandie,https://www.normandie.ars.sante.fr/system/files/2020-03/CP-point-situation-2020-03-10.pdf
2020-03-10,departement,DEP-51,Marne,5,0,ARS Grand-Est,https://www.grand-est.ars.sante.fr/system/files/2020-03/CP_Coronavirus_covid%2019_GrandEst_090320.pdf
2020-03-10,departement,DEP-52,Haute-Marne,1,0,ARS Grand-Est,https://www.grand-est.ars.sante.fr/system/files/2020-03/CP_Coronavirus_covid%2019_GrandEst_090320.pdf
2020-03-10,departement,DEP-54,Meurthe-et-Moselle,11,0,ARS Grand-Est,https://www.grand-est.ars.sante.fr/system/files/2020-03/CP_Coronavirus_covid%2019_GrandEst_090320.pdf
2020-03-10,departement,DEP-55,Meuse,3,0,ARS Grand-Est,https://www.grand-est.ars.sante.fr/system/files/2020-03/CP_Coronavirus_covid%2019_GrandEst_090320.pdf
2020-03-10,departement,DEP-56,Morbihan,63,1,,
2020-03-10,departement,DEP-57,Moselle,47,1,ARS Grand-Est,https://www.grand-est.ars.sante.fr/system/files/2020-03/CP_Coronavirus_covid%2019_GrandEst_090320.pdf
2020-03-10,departement,DEP-58,Nièvre,2,0,ARS Bourgogne-Franche-Comté,https://www.bourgogne-franche-comte.ars.sante.fr/system/files/2020-03/2020.03.10_COVID19_SITUATION%20BFC.pdf
2020-03-10,departement,DEP-60,Oise,,10,,
2020-03-10,departement,DEP-61,Orne,0,0,ARS Normandie,https://www.normandie.ars.sante.fr/system/files/2020-03/CP-point-situation-2020-03-10.pdf
2020-03-10,departement,DEP-63,Puy-de-Dôme,11,0,ARS Auvergne Rhône-Alpes,https://www.auvergne-rhone-alpes.ars.sante.fr/system/files/2020-03/200310_ARSARA_COVID-19_Point_Situation.pdf
2020-03-10,departement,DEP-67,Bas-Rhin,104,0,ARS Grand-Est,https://www.grand-est.ars.sante.fr/system/files/2020-03/CP_Coronavirus_covid%2019_GrandEst_090320.pdf
2020-03-10,departement,DEP-68,Haut-Rhin,260,3,ARS Grand-Est,https://www.grand-est.ars.sante.fr/system/files/2020-03/CP_Coronavirus_covid%2019_GrandEst_090320.pdf
2020-03-10,departement,DEP-69,Rhône,60,1,ARS Auvergne Rhône-Alpes,https://www.auvergne-rhone-alpes.ars.sante.fr/system/files/2020-03/200310_ARSARA_COVID-19_Point_Situation.pdf
2020-03-10,departement,DEP-73,Savoie,4,1,ARS Auvergne Rhône-Alpes,https://www.auvergne-rhone-alpes.ars.sante.fr/system/files/2020-03/200310_ARSARA_COVID-19_Point_Situation.pdf
2020-03-10,departement,DEP-74,Haute-Savoie,71,0,ARS Auvergne Rhône-Alpes,https://www.auvergne-rhone-alpes.ars.sante.fr/system/files/2020-03/200310_ARSARA_COVID-19_Point_Situation.pdf
2020-03-10,departement,DEP-75,Paris,44,,ARS Ile-de-France,https://www.iledefrance.ars.sante.fr/system/files/2020-03/PointSituationCovid19_20200310_0.pdf
2020-03-10,departement,DEP-76,Seine-Maritime,15,1,ARS Normandie,https://www.normandie.ars.sante.fr/system/files/2020-03/CP-point-situation-2020-03-10.pdf
2020-03-10,departement,DEP-77,Seine-et-Marne,23,,ARS Ile-de-France,https://www.iledefrance.ars.sante.fr/system/files/2020-03/PointSituationCovid19_20200310_0.pdf
2020-03-10,departement,DEP-78,Yvelines,35,,ARS Ile-de-France,https://www.iledefrance.ars.sante.fr/system/files/2020-03/PointSituationCovid19_20200310_0.pdf
2020-03-10,departement,DEP-88,Vosges,28,1,ARS Grand-Est,https://www.grand-est.ars.sante.fr/system/files/2020-03/CP_Coronavirus_covid%2019_GrandEst_090320.pdf
2020-03-10,departement,DEP-89,Yonne,,1,ARS Bourgogne-Franche-Comté,https://www.bourgogne-franche-comte.ars.sante.fr/system/files/2020-03/2020.03.10_COVID19_SITUATION%20BFC.pdf
2020-03-10,departement,DEP-91,Essone,8,,ARS Ile-de-France,https://www.iledefrance.ars.sante.fr/system/files/2020-03/PointSituationCovid19_20200310_0.pdf
2020-03-10,departement,DEP-92,Hauts-de-Seine,28,,ARS Ile-de-France,https://www.iledefrance.ars.sante.fr/system/files/2020-03/PointSituationCovid19_20200310_0.pdf
2020-03-10,departement,DEP-93,Saint-Saint-Denis,22,,ARS Ile-de-France,https://www.iledefrance.ars.sante.fr/system/files/2020-03/PointSituationCovid19_20200310_0.pdf
2020-03-10,departement,DEP-94,Val-de-Marne,31,,ARS Ile-de-France,https://www.iledefrance.ars.sante.fr/system/files/2020-03/PointSituationCovid19_20200310_0.pdf
2020-03-10,departement,DEP-95,Val-d'Oise,55,1,ARS Ile-de-France,https://www.iledefrance.ars.sante.fr/system/files/2020-03/PointSituationCovid19_20200310_0.pdf
2020-03-10,pays,FRA,France,1794,33,Santé publique France,
2020-03-10,region,REG-01,Guadeloupe,0,,Santé publique France,
2020-03-10,region,REG-02,Martinique,3,,Santé publique France,
2020-03-10,region,REG-03,Guyane,5,,Santé publique France,
2020-03-10,region,REG-04,La Réunion,0,,Santé publique France,
2020-03-10,region,REG-06,Mayotte,0,,Santé publique France,
2020-03-10,region,REG-11,Ile-de-France,334,,Santé publique France,
2020-03-10,region,REG-24,Centre-Val de Loire,18,,Santé publique France,
2020-03-10,region,REG-27,Bourgogne-Franche-Comté,146,,Santé publique France,
2020-03-10,region,REG-28,Normandie,37,,Santé publique France,
2020-03-10,region,REG-32,Hauts-de-France,209,,Santé publique France,
2020-03-10,region,REG-44,Grand Est,464,,Santé publique France,
2020-03-10,region,REG-52,Pays de la Loire,27,,Santé publique France,
2020-03-10,region,REG-53,Bretagne,81,,Santé publique France,
2020-03-10,region,REG-75,Nouvelle-Aquitaine,54,,Santé publique France,
2020-03-10,region,REG-76,Occitanie,61,,Santé publique France,
2020-03-10,region,REG-84,Auvergne-Rhône-Alpes,211,,Santé publique France,
2020-03-10,region,REG-93,Provence-Alpes-Côte d’Azur,89,,Santé publique France,
2020-03-10,region,REG-94,Corse,42,,Santé publique France,
2020-03-11,collectivite-outremer,COM-977,Saint-Barthélemy,1,,Santé publique France,
2020-03-11,collectivite-outremer,COM-978,Saint-Martin,2,,Santé publique France,
2020-03-11,departement,DEP-01,Ain,26,0,ARS Auvergne Rhône-Alpes,https://www.auvergne-rhone-alpes.ars.sante.fr/system/files/2020-03/200311_ARSARA_COVID-19_Point_Situation_0.pdf
2020-03-11,departement,DEP-02,Aisne,3,0,ARS Grand-Est,https://www.grand-est.ars.sante.fr/system/files/2020-03/20200310_CP_Pref68_Coronavirus.pdf
2020-03-11,departement,DEP-07,Ardèche,6,0,ARS Auvergne Rhône-Alpes,https://www.auvergne-rhone-alpes.ars.sante.fr/system/files/2020-03/200311_ARSARA_COVID-19_Point_Situation_0.pdf
2020-03-11,departement,DEP-08,Ardennes,1,0,ARS Grand-Est,https://www.grand-est.ars.sante.fr/system/files/2020-03/20200310_CP_Pref68_Coronavirus.pdf
2020-03-11,departement,DEP-10,Aube,1,0,ARS Grand-Est,https://www.grand-est.ars.sante.fr/system/files/2020-03/20200310_CP_Pref68_Coronavirus.pdf
2020-03-11,departement,DEP-14,Calvados,15,0,ARS Normandie,https://www.normandie.ars.sante.fr/system/files/2020-03/CP-orne-point-situation-2020-03-11.pdf
2020-03-11,departement,DEP-22,Côtes-d'Armor,0,0,,
2020-03-11,departement,DEP-25,Doubs,,1,ARS Bourgogne-Franche-Comté,https://www.bourgogne-franche-comte.ars.sante.fr/system/files/2020-03/2020.03.11_COVID19_SITUATION%20BFC.pdf
2020-03-11,departement,DEP-26,Drôme,24,1,ARS Auvergne Rhône-Alpes,https://www.auvergne-rhone-alpes.ars.sante.fr/system/files/2020-03/200311_ARSARA_COVID-19_Point_Situation_0.pdf
2020-03-11,departement,DEP-27,Eure,14,0,ARS Normandie,https://www.normandie.ars.sante.fr/system/files/2020-03/CP-orne-point-situation-2020-03-11.pdf
2020-03-11,departement,DEP-29,Finistère,7,0,,
2020-03-11,departement,DEP-35,Ille-et-Vilaine,13,0,,
2020-03-11,departement,DEP-38,Isère,13,0,ARS Auvergne Rhône-Alpes,https://www.auvergne-rhone-alpes.ars.sante.fr/system/files/2020-03/200311_ARSARA_COVID-19_Point_Situation_0.pdf
2020-03-11,departement,DEP-39,Jura,,1,ARS Bourgogne-Franche-Comté,https://www.bourgogne-franche-comte.ars.sante.fr/system/files/2020-03/2020.03.11_COVID19_SITUATION%20BFC.pdf
2020-03-11,departement,DEP-42,Loire,34,0,ARS Auvergne Rhône-Alpes,https://www.auvergne-rhone-alpes.ars.sante.fr/system/files/2020-03/200311_ARSARA_COVID-19_Point_Situation_0.pdf
2020-03-11,departement,DEP-43,Haute-Loire,4,0,ARS Auvergne Rhône-Alpes,https://www.auvergne-rhone-alpes.ars.sante.fr/system/files/2020-03/200311_ARSARA_COVID-19_Point_Situation_0.pdf
2020-03-11,departement,DEP-50,Manche,10,0,ARS Normandie,https://www.normandie.ars.sante.fr/system/files/2020-03/CP-orne-point-situation-2020-03-11.pdf
2020-03-11,departement,DEP-51,Marne,7,1,ARS Grand-Est,https://www.grand-est.ars.sante.fr/system/files/2020-03/20200310_CP_Pref68_Coronavirus.pdf
2020-03-11,departement,DEP-52,Haute-Marne,1,0,ARS Grand-Est,https://www.grand-est.ars.sante.fr/system/files/2020-03/20200310_CP_Pref68_Coronavirus.pdf
2020-03-11,departement,DEP-54,Meurthe-et-Moselle,14,0,ARS Grand-Est,https://www.grand-est.ars.sante.fr/system/files/2020-03/20200310_CP_Pref68_Coronavirus.pdf
2020-03-11,departement,DEP-55,Meuse,3,0,ARS Grand-Est,https://www.grand-est.ars.sante.fr/system/files/2020-03/20200310_CP_Pref68_Coronavirus.pdf
2020-03-11,departement,DEP-56,Morbihan,73,1,,
2020-03-11,departement,DEP-56,Morbihan,73,2,Préfecture du Morbihan,http://www.morbihan.gouv.fr/Actualites/Actus/Le-Morbihan-face-au-Coronavirus-Covid19/Coronavirus-Point-a-17h-le-11-Mars-2020-10-nouveaux-cas-confirmes-dans-le-Morbihan
2020-03-11,departement,DEP-57,Moselle,59,1,ARS Grand-Est,https://www.grand-est.ars.sante.fr/system/files/2020-03/20200310_CP_Pref68_Coronavirus.pdf
2020-03-11,departement,DEP-58,Nièvre,2,0,ARS Bourgogne-Franche-Comté,https://www.bourgogne-franche-comte.ars.sante.fr/system/files/2020-03/2020.03.11_COVID19_SITUATION%20BFC.pdf
2020-03-11,departement,DEP-60,Oise,152,11,,
2020-03-11,departement,DEP-61,Orne,2,0,ARS Normandie,https://www.normandie.ars.sante.fr/system/files/2020-03/CP-orne-point-situation-2020-03-11.pdf
2020-03-11,departement,DEP-63,Puy-de-Dôme,11,0,ARS Auvergne Rhône-Alpes,https://www.auvergne-rhone-alpes.ars.sante.fr/system/files/2020-03/200311_ARSARA_COVID-19_Point_Situation_0.pdf
2020-03-11,departement,DEP-67,Bas-Rhin,108,3,ARS Grand-Est,https://www.grand-est.ars.sante.fr/system/files/2020-03/20200310_CP_Pref68_Coronavirus.pdf
2020-03-11,departement,DEP-68,Haut-Rhin,359,3,ARS Grand-Est,https://www.grand-est.ars.sante.fr/system/files/2020-03/20200310_CP_Pref68_Coronavirus.pdf
2020-03-11,departement,DEP-69,Rhône,72,1,ARS Auvergne Rhône-Alpes,https://www.auvergne-rhone-alpes.ars.sante.fr/system/files/2020-03/200311_ARSARA_COVID-19_Point_Situation_0.pdf
2020-03-11,departement,DEP-73,Savoie,4,1,ARS Auvergne Rhône-Alpes,https://www.auvergne-rhone-alpes.ars.sante.fr/system/files/2020-03/200311_ARSARA_COVID-19_Point_Situation_0.pdf
2020-03-11,departement,DEP-74,Haute-Savoie,72,0,ARS Auvergne Rhône-Alpes,https://www.auvergne-rhone-alpes.ars.sante.fr/system/files/2020-03/200311_ARSARA_COVID-19_Point_Situation_0.pdf
2020-03-11,departement,DEP-75,Paris,80,,ARS Ile-de-France,https://www.iledefrance.ars.sante.fr/system/files/2020-03/PointSituationCovid19_20200311.pdf
2020-03-11,departement,DEP-76,Seine-Maritime,16,1,ARS Normandie,https://www.normandie.ars.sante.fr/system/files/2020-03/CP-orne-point-situation-2020-03-11.pdf
2020-03-11,departement,DEP-77,Seine-et-Marne,30,,ARS Ile-de-France,https://www.iledefrance.ars.sante.fr/system/files/2020-03/PointSituationCovid19_20200311.pdf
2020-03-11,departement,DEP-78,Yvelines,56,,ARS Ile-de-France,https://www.iledefrance.ars.sante.fr/system/files/2020-03/PointSituationCovid19_20200311.pdf
2020-03-11,departement,DEP-88,Vosges,31,1,ARS Grand-Est,https://www.grand-est.ars.sante.fr/system/files/2020-03/20200310_CP_Pref68_Coronavirus.pdf
2020-03-11,departement,DEP-89,Yonne,,1,ARS Bourgogne-Franche-Comté,https://www.bourgogne-franche-comte.ars.sante.fr/system/files/2020-03/2020.03.11_COVID19_SITUATION%20BFC.pdf
2020-03-11,departement,DEP-91,Essone,20,,ARS Ile-de-France,https://www.iledefrance.ars.sante.fr/system/files/2020-03/PointSituationCovid19_20200311.pdf
2020-03-11,departement,DEP-92,Hauts-de-Seine,47,,ARS Ile-de-France,https://www.iledefrance.ars.sante.fr/system/files/2020-03/PointSituationCovid19_20200311.pdf
2020-03-11,departement,DEP-93,Saint-Saint-Denis,29,,ARS Ile-de-France,https://www.iledefrance.ars.sante.fr/system/files/2020-03/PointSituationCovid19_20200311.pdf
2020-03-11,departement,DEP-94,Val-de-Marne,36,,ARS Ile-de-France,https://www.iledefrance.ars.sante.fr/system/files/2020-03/PointSituationCovid19_20200311.pdf
2020-03-11,departement,DEP-95,Val-d'Oise,59,1,ARS Ile-de-France,https://www.iledefrance.ars.sante.fr/system/files/2020-03/PointSituationCovid19_20200311.pdf
2020-03-11,pays,FRA,France,2281,48,Santé publique France,
2020-03-11,region,REG-01,Guadeloupe,0,,Santé publique France,
2020-03-11,region,REG-02,Martinique,3,,Santé publique France,
2020-03-11,region,REG-03,Guyane,5,,Santé publique France,
2020-03-11,region,REG-04,La Réunion,1,,Santé publique France,
2020-03-11,region,REG-06,Mayotte,0,,Santé publique France,
2020-03-11,region,REG-11,Ile-de-France,492,,Santé publique France,
2020-03-11,region,REG-24,Centre-Val de Loire,20,,Santé publique France,
2020-03-11,region,REG-27,Bourgogne-Franche-Comté,155,,Santé publique France,
2020-03-11,region,REG-28,Normandie,54,,Santé publique France,
2020-03-11,region,REG-32,Hauts-de-France,263,,Santé publique France,
2020-03-11,region,REG-44,Grand Est,578,,Santé publique France,
2020-03-11,region,REG-52,Pays de la Loire,34,,Santé publique France,
2020-03-11,region,REG-53,Bretagne,94,,Santé publique France,
2020-03-11,region,REG-75,Nouvelle-Aquitaine,66,,Santé publique France,
2020-03-11,region,REG-76,Occitanie,87,,Santé publique France,
2020-03-11,region,REG-84,Auvergne-Rhône-Alpes,264,,Santé publique France,
2020-03-11,region,REG-93,Provence-Alpes-Côte d’Azur,111,,Santé publique France,
2020-03-11,region,REG-94,Corse,51,,Santé publique France,
2020-03-11,monde,WORLD,Monde,118628,4292,Santé publique France,
2020-03-12,collectivite-outremer,COM-977,Saint-Barthélemy,1,,Santé publique France,
2020-03-12,collectivite-outremer,COM-978,Saint-Martin,2,,Santé publique France,
2020-03-12,departement,DEP-01,Ain,31,0,ARS Auvergne Rhône-Alpes,http://www.auvergne-rhone-alpes.ars.sante.fr/system/files/2020-03/200312_ARSARA_COVID-19_Point_Situation.pdf
2020-03-12,departement,DEP-02,Aisne,47,2,ARS Hauts-de-France,https://www.hauts-de-france.ars.sante.fr/coronavirus-covid-19-point-de-situation-dans-les-hauts-de-france
2020-03-12,departement,DEP-03,Allier,1,0,ARS Auvergne Rhône-Alpes,http://www.auvergne-rhone-alpes.ars.sante.fr/system/files/2020-03/200312_ARSARA_COVID-19_Point_Situation.pdf
2020-03-12,departement,DEP-07,Ardèche,15,0,ARS Auvergne Rhône-Alpes,http://www.auvergne-rhone-alpes.ars.sante.fr/system/files/2020-03/200312_ARSARA_COVID-19_Point_Situation.pdf
2020-03-12,departement,DEP-25,Doubs,,1,ARS Bourgogne-Franche-Comté,https://www.bourgogne-franche-comte.ars.sante.fr/system/files/2020-03/2020.03.12_COVID19_SITUATION%20BFC%20.pdf
2020-03-12,departement,DEP-26,Drôme,33,1,ARS Auvergne Rhône-Alpes,http://www.auvergne-rhone-alpes.ars.sante.fr/system/files/2020-03/200312_ARSARA_COVID-19_Point_Situation.pdf
2020-03-12,departement,DEP-38,Isère,16,0,ARS Auvergne Rhône-Alpes,http://www.auvergne-rhone-alpes.ars.sante.fr/system/files/2020-03/200312_ARSARA_COVID-19_Point_Situation.pdf
2020-03-12,departement,DEP-39,Jura,,1,ARS Bourgogne-Franche-Comté,https://www.bourgogne-franche-comte.ars.sante.fr/system/files/2020-03/2020.03.12_COVID19_SITUATION%20BFC%20.pdf
2020-03-12,departement,DEP-42,Loire,43,0,ARS Auvergne Rhône-Alpes,http://www.auvergne-rhone-alpes.ars.sante.fr/system/files/2020-03/200312_ARSARA_COVID-19_Point_Situation.pdf
2020-03-12,departement,DEP-43,Haute-Loire,5,0,ARS Auvergne Rhône-Alpes,http://www.auvergne-rhone-alpes.ars.sante.fr/system/files/2020-03/200312_ARSARA_COVID-19_Point_Situation.pdf
2020-03-12,departement,DEP-56,Morbihan,85,3,Préfecture du Morbihan,http://www.morbihan.gouv.fr/Actualites/Actus/Le-Morbihan-face-au-Coronavirus-Covid19/Coronavirus-Point-a-16h-le-12-Mars-2020-12-nouveaux-cas-confirmes-dans-le-Morbihan
2020-03-12,departement,DEP-58,Nièvre,,0,ARS Bourgogne-Franche-Comté,https://www.bourgogne-franche-comte.ars.sante.fr/system/files/2020-03/2020.03.12_COVID19_SITUATION%20BFC%20.pdf
2020-03-12,departement,DEP-59,Nord,34,0,ARS Hauts-de-France,https://www.hauts-de-france.ars.sante.fr/coronavirus-covid-19-point-de-situation-dans-les-hauts-de-france
2020-03-12,departement,DEP-60,Oise,194,14,ARS Hauts-de-France,https://www.hauts-de-france.ars.sante.fr/coronavirus-covid-19-point-de-situation-dans-les-hauts-de-france
2020-03-12,departement,DEP-60,Oise,194,15,ARSHauts-de-France et Préfecture de l’Oise,http://www.oise.gouv.fr/content/download/60749/371851/file/CP%20-%20D%C3%A9c%C3%A8s%20coronavirus%20dans%20l'Oise%20-%20120320.pdf
2020-03-12,departement,DEP-62,Pas-de-Calais,8,1,ARS Hauts-de-France,https://www.hauts-de-france.ars.sante.fr/coronavirus-covid-19-point-de-situation-dans-les-hauts-de-france
2020-03-12,departement,DEP-63,Puy-de-Dôme,13,0,ARS Auvergne Rhône-Alpes,http://www.auvergne-rhone-alpes.ars.sante.fr/system/files/2020-03/200312_ARSARA_COVID-19_Point_Situation.pdf
2020-03-12,departement,DEP-69,Rhône,87,5,ARS Auvergne Rhône-Alpes,http://www.auvergne-rhone-alpes.ars.sante.fr/system/files/2020-03/200312_ARSARA_COVID-19_Point_Situation.pdf
2020-03-12,departement,DEP-70,Haute-Saône,,1,ARS Bourgogne-Franche-Comté,https://www.bourgogne-franche-comte.ars.sante.fr/system/files/2020-03/2020.03.12_COVID19_SITUATION%20BFC%20.pdf
2020-03-12,departement,DEP-71,Saône-et-Loire,,1,ARS Bourgogne-Franche-Comté,https://www.bourgogne-franche-comte.ars.sante.fr/system/files/2020-03/2020.03.12_COVID19_SITUATION%20BFC%20.pdf
2020-03-12,departement,DEP-73,Savoie,6,1,ARS Auvergne Rhône-Alpes,http://www.auvergne-rhone-alpes.ars.sante.fr/system/files/2020-03/200312_ARSARA_COVID-19_Point_Situation.pdf
2020-03-12,departement,DEP-74,Haute-Savoie,83,0,ARS Auvergne Rhône-Alpes,http://www.auvergne-rhone-alpes.ars.sante.fr/system/files/2020-03/200312_ARSARA_COVID-19_Point_Situation.pdf
2020-03-12,departement,DEP-80,Somme,22,3,ARS Hauts-de-France,https://www.hauts-de-france.ars.sante.fr/coronavirus-covid-19-point-de-situation-dans-les-hauts-de-france
2020-03-12,departement,DEP-89,Yonne,,1,ARS Bourgogne-Franche-Comté,https://www.bourgogne-franche-comte.ars.sante.fr/system/files/2020-03/2020.03.12_COVID19_SITUATION%20BFC%20.pdf
2020-03-12,pays,FRA,France,2876,61,Santé publique France,
2020-03-12,region,REG-01,Guadeloupe,0,,Santé publique France,
2020-03-12,region,REG-02,Martinique,4,,Santé publique France,
2020-03-12,region,REG-03,Guyane,6,,Santé publique France,
2020-03-12,region,REG-04,La Réunion,3,,Santé publique France,
2020-03-12,region,REG-06,Mayotte,0,,Santé publique France,
2020-03-12,region,REG-11,Ile-de-France,577,,Santé publique France,
2020-03-12,region,REG-24,Centre-Val de Loire,30,,Santé publique France,
2020-03-12,region,REG-27,Bourgogne-Franche-Comté,219,,Santé publique France,
2020-03-12,region,REG-28,Normandie,68,,Santé publique France,
2020-03-12,region,REG-32,Hauts-de-France,349,,Santé publique France,
2020-03-12,region,REG-44,Grand Est,699,,Santé publique France,
2020-03-12,region,REG-52,Pays de la Loire,41,,Santé publique France,
2020-03-12,region,REG-53,Bretagne,117,,Santé publique France,
2020-03-12,region,REG-75,Nouvelle-Aquitaine,87,,Santé publique France,
2020-03-12,region,REG-76,Occitanie,133,,Santé publique France,
2020-03-12,region,REG-84,Auvergne-Rhône-Alpes,329,,Santé publique France,
2020-03-12,region,REG-93,Provence-Alpes-Côte d’Azur,147,,Santé publique France,
2020-03-12,region,REG-94,Corse,64,,Santé publique France,
2020-03-12,monde,WORLD,Monde,118628,4292,Santé publique France,
2020-03-13,collectivite-outremer,COM-977,Saint-Barthélemy,1,,Santé publique France,
2020-03-13,collectivite-outremer,COM-978,Saint-Martin,2,,Santé publique France,
2020-03-13,pays,FRA,France,3661,79,Santé publique France,
2020-03-13,region,REG-01,Guadeloupe,1,,Santé publique France,
2020-03-13,region,REG-02,Martinique,6,,Santé publique France,
2020-03-13,region,REG-03,Guyane,6,,Santé publique France,
2020-03-13,region,REG-04,La Réunion,5,,Santé publique France,
2020-03-13,region,REG-06,Mayotte,0,,Santé publique France,
2020-03-13,region,REG-11,Ile-de-France,721,,Santé publique France,
2020-03-13,region,REG-24,Centre-Val de Loire,33,,Santé publique France,
2020-03-13,region,REG-27,Bourgogne-Franche-Comté,272,,Santé publique France,
2020-03-13,region,REG-28,Normandie,97,,Santé publique France,
2020-03-13,region,REG-32,Hauts-de-France,397,,Santé publique France,
2020-03-13,region,REG-44,Grand Est,911,,Santé publique France,
2020-03-13,region,REG-52,Pays de la Loire,55,,Santé publique France,
2020-03-13,region,REG-53,Bretagne,155,,Santé publique France,
2020-03-13,region,REG-75,Nouvelle-Aquitaine,114,,Santé publique France,
2020-03-13,region,REG-76,Occitanie,172,,Santé publique France,
2020-03-13,region,REG-84,Auvergne-Rhône-Alpes,416,,Santé publique France,
2020-03-13,region,REG-93,Provence-Alpes-Côte d’Azur,212,,Santé publique France,
2020-03-13,region,REG-94,Corse,85,,Santé publique France,
2020-03-13,monde,WORLD,Monde,118628,4292,Santé publique France,